neighborhood,avg_rent,crime_count,transit_score,bu_distance_miles,amenity_count,rent_norm,crime_norm,transit_norm,bu_norm,amenity_norm,final_score
Allston,3653.71,5407,35,1.31,121,0.6673077249791883,0.9267039358518268,0.6071428571428571,0.8861386138613861,0.9655172413793104,0.7896544013474894
Brighton,3031.61,11415,27,2.54,74,0.8786870763323762,0.8136164285579837,0.46428571428571425,0.6831683168316831,0.5603448275862069,0.6955563540320601
Fenway,3763.62,5658,53,0.62,99,0.6299621141332972,0.921979407834058,0.9285714285714285,1.0,0.7758620689655172,0.8590879323192704
Brookline,4362.0,7493,51,1.53,110,0.4266424287728716,0.8874395316882188,0.8928571428571428,0.8498349834983498,0.8706896551724138,0.7603674260846257
